Website URL,Email,Contact
0,https://unverfaelscht-naturkosmetik.at,info@unverfaelscht-naturkosmetik.at,
1,https://www.weingut-trummer.at,willkommen@weingut-trummer.at,
2,https://shop.interio.at,info@magazin07.at,
3,https://www.glueckssache.at,info@glueckssache.at,
4,https://medithappen.at,support@medithappen.at,
5,https://www.woodblock.at,info@woodblock.at,
6,https://bettdecke.at,info@bettdecke.at,
7,https://meinkleinesich.at,hello@meinkleinesich.at,
8,https://trickkiste.at,office@trickkiste.at,
9,https://myfinejewellery.at,juwelenwerk@aon.at,
10,https://sodastream.at,vendors@templat,
11,https://www.hamtil.at,sibylle@hamtil.at,
12,https://www.freshcase.at,support@freshcase.at,
13,https://www.nu3.at,service@nu3.at,
14,https://www.sinest.at,office@sinest.at,
15,https://www.picassify.at,kontakt@picassify.at,
16,https://alphacoffee.at,office@alphacoffee.at,
17,https://suessmund.at,hello@suessmund.at,
18,https://www.koffeinschmiede.at,kontakt@koffeinschmiede.at,
19,https://weinkleid.at,weinkleid@gmx.at,
20,https://lovdog.at,support@lovdog.at,
21,https://www.ottakringershop.at,shop@ottakringer.at,
22,https://www.youlookperfect.at,info@youlookperfect.at,
23,https://www.hundeliebling.at,info@hundeliebling.at,
24,https://www.dolomite.at,innsbruck@dolomite.at,
25,https://organicelements.at,hallo@organicelements.at,
26,https://www.kindlholz.at,office@kindlholz.at,
27,https://www.weinpumpen.at,Office@krenn-umwelttechnik.at,
28,https://ninawa.at,info@ninawa.at,
29,https://secretceline.at,info@secretceline.at,
30,https://www.hoflife.at,info@hoflife.at,
31,https://puramed.at,office@puramed.at,
32,https://www.glueckskind-shop.at,hallo@glueckskind-shop.at,
33,https://www.warrior.co.at,info@warrior.co.at,
34,https://shop.feeling.at,feeling@feeling.at,
35,http://rauerssproessling.at,hallo@rauerssproessling.at,
36,https://restboden.at,office@trias.at,
37,https://unqe.at,office@unqe.at,
38,https://www.urbanara.at,kontakt@urbanara.at,
39,https://zirbin.at,kontakt@zirbin.at,
40,https://jujudesign.at,office@jujudesign.at,
41,https://shop.mvl-pharma.at,office@mvl-pharma.at,
42,https://4gamerz.at,support@4gamerz.at,
43,https://www.clipiteasy.at,office@clipiteasy.at,
44,https://www.jennysparfumeriewelt.at,info@jennysparfumeriewelt.at,
45,https://fabihaft.at,office@fabihaft.at,
46,https://www.kaffeegreissler.at,ciao@schoenbergers.at,
47,https://www.skiwater.at,markus.luethge@skiwater.at,
48,http://shop.brantl.at,office@brantl.at,
49,https://www.die-blumenboutique.at,info@die-blumenboutique.at,
50,https://durex.at,vendors@templat,
51,https://shop.entbrannt-wodka.at,office@entbrannt-wodka.at,
52,https://kleidermachenleute.at,shop@kleidermachenleute.at,
53,https://sparklebonsai.at,contat@sparklebonsai.at,
54,https://sunnybag.at,stefan.ponsold@sunnybag.at,
55,https://www.vprotect.at,schutzmaske@wisto.at,
56,https://waldlandshop.at,shop@waldland.at,
57,https://fit-aging.com,office@agesan.at,
58,https://jujudesignwien.myshopify.com,office@jujudesign.at,
59,https://luvett-at.myshopify.com,service@luvett.at,
60,https://vorarlberger-atemschutzmasken.myshopify.com,schutzmaske@wisto.at,
61,https://zirbin-online-shop.myshopify.com,kontakt@zirbin.at,
62,https://www.dogsdreamaustria.at,support@dogsdreamaustria.at,
63,https://www.katzen-traum.at,kontakt@wolkenkissen.at,
64,https://www.ottakringer-lieferservice.at,shop@ottakringer.at,
65,https://www.pfotenlove.at,info@pfotenlove.at,
66,http://agesan.at,office@agesan.at,
67,http://alpengarnelen.at,bestellung@alpengarnelen.at,
68,http://alpenstyler.at,info@alpenstyler.at,
69,http://atriumdeutschlandsberg.at,office@atriumdeutschlandsberg.at,
70,http://b15.at,fashion@b15.at,
71,http://beamer-linz.at,info@beamerei.at,
72,http://beamer-wien.at,info@beamerei.at,
73,http://beamerei.at,info@beamerei.at,
74,http://beanie.at,info@beanie.at,
75,http://bee-shop.at,office@bee-shop.at,
76,http://bravior.at,support@bravior.at,
77,http://burgeratelier-salzburg.at,office@burgeratelier-salzburg.at,
78,http://buysmart.at,office@buysmart.at,
79,http://csv.at,info@csv.at,
80,http://der-genuss.at,kontakt@der-genuss.at,
81,http://didierlab.at,kontakt@didierlab.at,
82,http://dosenbiersaufen.at,office@dosenbiersaufen.at,
83,http://eleder.at,shop@eleder.at,
84,http://emertac.at,hello@emertac.at,
85,http://erlebniswerkstattl-shop.at,info@erlebniswerkstattl.at,
86,http://famd.at,support@famd.at,
87,http://fashion-breakfast.at,office@haemmerle-mode.at,
88,http://fiora.at,blumen@fiora.at,
89,http://flex-o-bands.at,hallo@flex-o-bands.at,
90,http://galerierudolfleeb.at,office@galerierudolfleeb.at,
91,http://getraenke-stich.at,getraenke-stich@gmx.at,
92,http://goodwatch.at,info@goodwat,
93,http://grandseigneur.at,shop@grandseigneur.at,
94,http://greatdeals.at,office@greatdeals.at,
95,http://healthypad.at,druckerei@salzkammergut-druck.at,
96,http://herbalprodukte.at,info@herbalprodukte.at,
97,http://holzpfote.at,kontakt@holzpfote.at,
98,http://icelo-tech.at,support@icelo.at,
99,http://infuehr.at,sekt@infuehr.at,
100,http://ittner.at,shop@ittner.at,
101,http://kainztoni.at,office@kainztoni.at,
102,http://kaneo.at,office@kaneo.at,
103,http://kaufdahoam.at,office@kaufdahoam.at,
104,http://khg-das-spiel.at,nachricht@khg-das-spiel.at,
105,http://koreanischerginseng.at,hello@koreanischerginseng.at,
106,http://kraeuterpaul.at,office@kraeuterpaul.at,
107,http://lepetitchou.at,info@lepetitchou.at,
108,http://locobike.at,Info@locobike.at,
109,http://luftreinigung24.at,info@luftreinigung24.at,
110,http://luvett.at,service@luvett.at,
111,http://magazin-romanesc.at,office@magazin-romanesc.at,
112,http://muscleshop24.at,tom@muscleshop24.at,
113,http://nftm.at,NFTM@office.at,
114,http://odonnell.at,info@odonnell.at,
115,http://oxyd.at,citypark@oxyd.at,
116,http://pastarro-schlafen.at,office@pastarro.at,
117,http://petipeti.at,info@petipeti.at,
118,http://puravet.at,office@puravet.at,
119,http://relaxure.at,support@relaxure.at,
120,http://sanbag.at,sayhello@sanbag.at,
121,http://santoria.at,kontakt@santoria.at,
122,http://shopme.at,kundenservice@shopme.at,
123,http://spicysoul.at,bestellung@spicysoul.at,
124,http://statemnt.at,schoerkmayr@gmx.at,
125,http://suena.at,info@suena.at,
126,http://tirolmojo.at,info@tirolmojo.at,
127,http://vital-gourmet.at,office@vital-gourmet.at,
128,http://wagnerdesign.at,office@wagnerdesign.at,
129,http://wasser-stoff.at,office@wasser-stoff.at,
130,http://westech.at,office@westech-solar.at,
131,http://wildschuetz.at,office@wildschuetz.at,
132,http://xn--zitlossch-87a.at,Alexandra@zitlosschö.at,
133,http://zeitholzwatches.at,contact@zeitholzwat,
134,http://happydogstore.de,info@hundeliebling.at,
